Notes offered by Prospectus (https://www.lendingclub.com/info/prospectus.action),,,,,,,,,,,,,,,,,,,,,,,,,,,,,,,,,,,,,,,,,,,,,,,,,,,,,,,,,,,,,,,,,,,,,,,,,,,,,,,,,,,,,,,,,,,,,,,,,,,,,,,,,,,,,,,,,,,,,,,,,,,,,,,,,,,,,,,,,,,,,,,,,,,,,
id,,loan amount,funded amount,,term,interest rate,installment,grade,sub grade,employment title,employment length in years,home ownership,annual income,verification status,issue date,loan status,payment plan,Loan url,empty description,purpose,Title,Hidden zip code,State,Debt to income ratio,# of Delinquencies in last 2 years,earliest Credit line,Fico range low,fico range high,# inquiries in the last 6 months,months since last delinquency,months since last record?,# open accounts,public record,revolving balance,revolving utilization?,total accounts,intial list status?,,,,,,,,,,last payment date,last payment amount,next payment date,last credit pull date,last fico range high,last fico range low,,,,application type,annual income joit,debt to income joint,verification status joint,,,,,,,,,,,,,,,,,,,,,,,,,,,,,,,,,,,,,,,,,,,,,,,,,,,,,,,,,,,,,,,,,,,,,,,,,,,,,,,,,,,,debt settlement flag,,,,,,
id,member_id,loan_amnt,funded_amnt,funded_amnt_inv,term,int_rate,installment,grade,sub_grade,emp_title,emp_length,home_ownership,annual_inc,verification_status,issue_d,loan_status,pymnt_plan,url,desc,purpose,title,zip_code,addr_state,dti,delinq_2yrs,earliest_cr_line,fico_range_low,fico_range_high,inq_last_6mths,mths_since_last_delinq,mths_since_last_record,open_acc,pub_rec,revol_bal,revol_util,total_acc,initial_list_status,out_prncp,out_prncp_inv,total_pymnt,total_pymnt_inv,total_rec_prncp,total_rec_int,total_rec_late_fee,recoveries,collection_recovery_fee,last_pymnt_d,last_pymnt_amnt,next_pymnt_d,last_credit_pull_d,last_fico_range_high,last_fico_range_low,collections_12_mths_ex_med,mths_since_last_major_derog,policy_code,application_type,annual_inc_joint,dti_joint,verification_status_joint,acc_now_delinq,tot_coll_amt,tot_cur_bal,open_acc_6m,open_act_il,open_il_12m,open_il_24m,mths_since_rcnt_il,total_bal_il,il_util,open_rv_12m,open_rv_24m,max_bal_bc,all_util,total_rev_hi_lim,inq_fi,total_cu_tl,inq_last_12m,acc_open_past_24mths,avg_cur_bal,bc_open_to_buy,bc_util,chargeoff_within_12_mths,delinq_amnt,mo_sin_old_il_acct,mo_sin_old_rev_tl_op,mo_sin_rcnt_rev_tl_op,mo_sin_rcnt_tl,mort_acc,mths_since_recent_bc,mths_since_recent_bc_dlq,mths_since_recent_inq,mths_since_recent_revol_delinq,num_accts_ever_120_pd,num_actv_bc_tl,num_actv_rev_tl,num_bc_sats,num_bc_tl,num_il_tl,num_op_rev_tl,num_rev_accts,num_rev_tl_bal_gt_0,num_sats,num_tl_120dpd_2m,num_tl_30dpd,num_tl_90g_dpd_24m,num_tl_op_past_12m,pct_tl_nvr_dlq,percent_bc_gt_75,pub_rec_bankruptcies,tax_liens,tot_hi_cred_lim,total_bal_ex_mort,total_bc_limit,total_il_high_credit_limit,revol_bal_joint,sec_app_fico_range_low,sec_app_fico_range_high,sec_app_earliest_cr_line,sec_app_inq_last_6mths,sec_app_mort_acc,sec_app_open_acc,sec_app_revol_util,sec_app_open_act_il,sec_app_num_rev_accts,sec_app_chargeoff_within_12_mths,sec_app_collections_12_mths_ex_med,sec_app_mths_since_last_major_derog,hardship_flag,hardship_type,hardship_reason,hardship_status,deferral_term,hardship_amount,hardship_start_date,hardship_end_date,payment_plan_start_date,hardship_length,hardship_dpd,hardship_loan_status,orig_projected_additional_accrued_interest,hardship_payoff_balance_amount,hardship_last_payment_amount,debt_settlement_flag,debt_settlement_flag_date,settlement_status,settlement_date,settlement_amount,settlement_percentage,settlement_term
158079748,,10400,10400,10400, 60 months,17.74%,262.63,C,C5,Deputy ,2 years,MORTGAGE,40800,Source Verified,19-Sep,Current,n,https://lendingclub.com/browse/loanDetail.action?loan_id=158079748,,credit_card,Credit card refinancing,386xx,MS,26.68,0,14-Jul,660,664,0,,,8,0,7484,85%,12,w,9954.71,9954.71,1040.27,1040.27,445.29,594.98,0,0,0,20-Jan,262.63,20-Feb,20-Jan,734,730,0,,1,Individual,,,,0,0,186666,1,4,0,0,25,26575,74,0,0,3545,76,8800,0,0,3,1,23333,1316,85,0,0,60,62,28,4,1,28,,5,,0,3,3,3,3,6,3,5,3,8,0,0,0,1,100,66.7,0,0,197774,34059,8800,35944,,,,,,,,,,,,,,N,,,,,,,,,,,,,,,N,,,,,,
158792243,,12625,12625,12625, 36 months,8.81%,400.36,A,A5,Jeweler,10+ years,MORTGAGE,50000,Source Verified,19-Sep,Current,n,https://lendingclub.com/browse/loanDetail.action?loan_id=158792243,,home_improvement,Home improvement,201xx,VA,2.18,0,Nov-93,790,794,0,,,6,0,2400,35.30%,9,w,11380.69,11380.69,1595.26,1595.26,1244.31,350.95,0,0,0,20-Jan,400.36,20-Feb,20-Jan,784,780,0,,1,Individual,,,,0,0,178387,0,0,0,0,85,0,,0,0,2249,35,6800,0,0,0,0,35677,2100,53.3,0,0,85,310,39,39,1,143,,,,0,2,2,3,3,1,5,7,2,6,0,0,0,0,100,0,0,0,207105,2400,4500,0,,,,,,,,,,,,,,N,,,,,,,,,,,,,,,N,,,,,,
158892749,,20000,20000,20000, 60 months,12.40%,448.95,B,B4,Foreman,1 year,MORTGAGE,75000,Verified,19-Sep,Current,n,https://lendingclub.com/browse/loanDetail.action?loan_id=158892749,,debt_consolidation,Debt consolidation,378xx,TN,32.27,0,6-Nov,705,709,0,,,8,0,24882,46.80%,26,w,19015.74,19015.74,1782.02,1782.02,984.26,797.76,0,0,0,20-Jan,448.95,20-Feb,20-Jan,739,735,0,,1,Individual,,,,0,0,101122,1,3,1,3,1,76240,93,0,2,13116,75,53200,0,5,1,6,12640,24918,50,0,0,117,154,18,1,3,19,,7,,0,4,4,4,8,12,5,11,4,8,0,0,0,2,100,25,0,0,135123,101122,49800,81923,,,,,,,,,,,,,,N,,,,,,,,,,,,,,,N,,,,,,
159305670,,18925,18925,18925, 36 months,13.08%,638.39,B,B5,SCHOOL RESOURCE OFFICER,10+ years,MORTGAGE,110000,Not Verified,19-Sep,Current,n,https://lendingclub.com/browse/loanDetail.action?loan_id=159305670,,credit_card,Credit card refinancing,064xx,CT,36.06,1,Nov-98,715,719,0,19,,25,0,38756,26.30%,52,w,17061.55,17061.55,2539.81,2539.81,1863.45,676.36,0,0,0,20-Jan,638.39,20-Feb,20-Jan,734,730,0,,1,Individual,,,,0,0,401903,0,4,3,3,7,111093,81,0,3,5819,43,147300,4,8,8,6,16076,81875,31.8,0,0,123,250,19,7,2,20,19,7,19,0,12,13,14,22,13,20,36,13,25,0,0,0,3,98.1,14.3,0,0,567798,149849,120100,125798,,,,,,,,,,,,,,N,,,,,,,,,,,,,,,N,,,,,,
159341092,,26800,26800,26800, 60 months,20.55%,718.27,D,D2,Dispacher,10+ years,MORTGAGE,77922.05,Source Verified,19-Sep,Current,n,https://lendingclub.com/browse/loanDetail.action?loan_id=159341092,,debt_consolidation,Debt consolidation,319xx,GA,26.31,0,5-Oct,705,709,0,,,12,0,17413,38.50%,22,w,25735.77,25735.77,2842.48,2842.48,1064.23,1778.25,0,0,0,20-Jan,718.27,20-Feb,20-Jan,734,730,0,,1,Individual,,,,0,0,106501,0,1,0,1,14,24161,,0,0,10142,39,45200,1,0,1,1,8875,9349,58.1,0,0,167,103,64,14,1,64,,5,,0,3,8,4,5,6,10,15,8,12,0,0,0,0,100,50,0,0,159559,41574,22300,36300,,,,,,,,,,,,,,N,,,,,,,,,,,,,,,N,,,,,,
159403161,,5000,5000,5000, 36 months,20.55%,187.23,D,D2,,< 1 year,RENT,35000,Not Verified,19-Sep,Current,n,https://lendingclub.com/browse/loanDetail.action?loan_id=159403161,,credit_card,Credit card refinancing,797xx,TX,4.53,0,16-Jan,735,739,1,,,3,0,3101,43.70%,3,w,4583.02,4583.02,743.21,743.21,416.98,326.23,0,0,0,20-Jan,187.23,20-Feb,20-Jan,674,670,0,,1,Joint App,115000,5.23,Not Verified,0,0,3101,0,0,0,0,,0,,0,0,3076,44,7100,0,0,1,0,1034,1999,60.8,0,0,,44,29,29,0,41,,6,,0,2,2,2,2,0,3,3,2,3,0,0,0,0,100,50,0,0,7100,3101,5100,0,12010,670,674,16-Jan,1,0,5,68.9,2,3,0,0,,N,,,,,,,,,,,,,,,N,,,,,,
159414914,,8000,8000,8000, 36 months,11.71%,264.61,B,B3,VP Sales,< 1 year,RENT,75000,Not Verified,19-Sep,Current,n,https://lendingclub.com/browse/loanDetail.action?loan_id=159414914,,debt_consolidation,Debt consolidation,928xx,CA,4.38,0,14-Apr,695,699,1,,,4,0,9728,55.90%,5,w,6985.53,6985.53,1303.24,1303.24,1014.47,288.77,0,0,0,20-Jan,264.61,20-Feb,20-Jan,644,640,0,,1,Individual,,,,0,0,9728,2,0,0,0,65,0,,2,2,4400,56,17400,0,0,1,2,2432,7672,55.9,0,0,65,54,4,4,0,4,,4,,0,4,4,4,4,1,4,4,4,4,0,0,0,2,100,25,0,0,17400,9728,17400,0,,,,,,,,,,,,,,N,,,,,,,,,,,,,,,N,,,,,,
159488972,,16000,16000,16000, 60 months,8.81%,330.67,A,A5,Electrician,10+ years,MORTGAGE,84000,Source Verified,19-Sep,Current,n,https://lendingclub.com/browse/loanDetail.action?loan_id=159488972,,credit_card,Credit card refinancing,761xx,TX,22.78,0,15-Aug,695,699,1,,,12,0,3251,31.60%,17,w,15137.75,15137.75,1314.85,1314.85,862.25,452.6,0,0,0,20-Jan,330.67,20-Feb,20-Jan,734,730,0,,1,Individual,,,,0,0,232522,2,3,2,2,4,57973,91,0,1,1762,68,10300,3,0,3,4,19377,7049,31.6,0,0,49,43,21,4,3,21,,0,,0,4,4,7,7,6,7,7,4,12,0,0,0,3,100,0,0,0,264062,62783,10300,77074,,,,,,,,,,,,,,N,,,,,,,,,,,,,,,N,,,,,,
159496773,,10000,10000,10000, 36 months,7.56%,311.34,A,A3,,2 years,MORTGAGE,50000,Source Verified,19-Sep,Current,n,https://lendingclub.com/browse/loanDetail.action?loan_id=159496773,,other,Other,801xx,CO,18.6,0,5-Mar,740,744,0,,,17,0,21231,48.80%,41,w,9250.28,9250.28,929.82,929.82,749.72,180.1,0,0,0,19-Dec,311.34,20-Feb,20-Jan,744,740,0,,1,Individual,,,,0,0,347144,1,10,0,1,14,21963,48,0,2,6509,48,43500,1,15,1,5,20420,9991,39.4,0,0,174,116,20,2,7,20,,4,,0,1,2,2,5,25,5,9,2,17,0,0,0,2,100,50,0,0,430362,43194,16500,45759,,,,,,,,,,,,,,N,,,,,,,,,,,,,,,N,,,,,,
159503961,,37200,37200,37200, 36 months,6.46%,1139.47,A,A1,,n/a,MORTGAGE,96000,Verified,19-Sep,Current,n,https://lendingclub.com/browse/loanDetail.action?loan_id=159503961,,credit_card,Credit card refinancing,720xx,AR,27.43,0,May-95,770,774,1,,,9,0,30557,49.20%,48,w,33377.52,33377.52,4405.06,4405.06,3822.48,582.58,0,0,0,20-Jan,1139.47,20-Feb,20-Jan,824,820,0,,1,Individual,,,,0,0,81952,1,2,0,2,19,33685,60,1,4,0,52,62100,0,5,1,6,9106,16400,0,0,0,158,292,3,3,4,3,,3,,0,0,2,3,8,26,6,18,2,9,0,0,0,1,100,0,0,0,202196,64242,16400,62236,,,,,,,,,,,,,,N,,,,,,,,,,,,,,,N,,,,,,
159514851,,30000,30000,30000, 36 months,20.55%,1123.34,D,D2,Avp production support manager,2 years,MORTGAGE,175000,Source Verified,19-Sep,Current,n,https://lendingclub.com/browse/loanDetail.action?loan_id=159514851,,debt_consolidation,Debt consolidation,750xx,TX,12.69,0,5-May,685,689,0,52,,12,0,22265,64.70%,19,w,22392.34,22392.34,9459.11,9459.11,7607.66,1851.45,0,0,0,20-Jan,1123.34,20-Feb,20-Jan,674,670,0,,1,Individual,,,,0,0,221578,1,2,2,2,4,33847,71,2,2,7752,69,34400,3,0,7,4,22158,376,98.2,0,0,134,172,10,4,2,40,,0,,0,3,6,5,6,7,9,10,6,12,0,0,0,4,94.7,100,0,0,291525,56112,20600,47556,,,,,,,,,,,,,,N,,,,,,,,,,,,,,,N,,,,,,
159522893,,26400,26400,26400, 60 months,14.30%,618.4,C,C1,Sleep Tech Lead,9 years,MORTGAGE,63000,Not Verified,19-Sep,Current,n,https://lendingclub.com/browse/loanDetail.action?loan_id=159522893,,credit_card,Credit card refinancing,806xx,CO,25.5,0,7-Feb,715,719,2,62,,12,0,9036,19.90%,31,w,24999.91,24999.91,2452.63,2452.63,1400.09,1052.54,0,0,0,20-Jan,618.4,20-Feb,20-Jan,729,725,0,71,1,Joint App,97000,21.62,Not Verified,0,0,343119,2,3,1,2,2,40358,75,1,2,3548,50,45400,1,1,7,5,28593,34440,18.8,0,0,151,140,11,2,3,11,67,0,62,1,5,6,6,12,10,7,18,6,12,0,0,0,3,71,16.7,0,0,409029,49394,42400,53989,23368,700,704,8-Jan,2,3,14,34.7,6,13,0,0,71,N,,,,,,,,,,,,,,,N,,,,,,
159530656,,16000,16000,16000, 36 months,12.40%,534.5,B,B4,Director,10+ years,RENT,96000,Not Verified,19-Sep,Current,n,https://lendingclub.com/browse/loanDetail.action?loan_id=159530656,,debt_consolidation,Debt consolidation,108xx,NY,22.06,0,10-Nov,680,684,1,,83,9,1,825,2.80%,16,w,14443.45,14443.45,2126.98,2126.98,1556.55,570.43,0,0,0,20-Jan,534.5,20-Feb,20-Jan,724,720,0,,1,Individual,,,,0,0,44069,2,4,2,5,2,43244,79,0,1,695,52,29400,5,0,7,6,4897,19875,4,0,0,106,85,17,2,0,32,,1,,0,2,2,3,3,8,5,8,2,9,0,0,0,2,100,0,1,0,84315,44069,20700,54915,,,,,,,,,,,,,,N,,,,,,,,,,,,,,,N,,,,,,
159580881,,6600,6600,6600, 36 months,6.46%,202.17,A,A1,Team member,4 years,MORTGAGE,49000,Source Verified,19-Sep,Current,n,https://lendingclub.com/browse/loanDetail.action?loan_id=159580881,,credit_card,Credit card refinancing,374xx,TN,5.95,0,13-Jul,660,664,0,41,,7,0,6732,30.10%,9,w,5928.04,5928.04,806.31,806.31,671.96,134.35,0,0,0,20-Jan,202.17,20-Feb,20-Jan,724,720,1,,1,Individual,,,,0,194,181459,1,0,0,1,24,0,,1,2,2512,30,22400,1,0,1,4,25923,8635,41.3,0,0,24,74,10,4,1,68,,6,41,0,3,5,3,3,1,6,7,5,7,0,0,0,2,88.9,0,0,0,197666,6732,14700,0,,,,,,,,,,,,,,N,,,,,,,,,,,,,,,N,,,,,,
159590525,,7800,7800,7800, 36 months,8.81%,247.35,A,A5,RN,8 years,MORTGAGE,60000,Not Verified,19-Sep,Current,n,https://lendingclub.com/browse/loanDetail.action?loan_id=159590525,,home_improvement,Home improvement,434xx,OH,29.7,0,6-Oct,755,759,0,,,26,0,6271,20.50%,40,w,7031.25,7031.25,985.58,985.58,768.75,216.83,0,0,0,20-Jan,247.35,20-Feb,20-Jan,774,770,0,,1,Individual,,,,0,0,65553,0,15,0,2,15,59282,67,2,3,5054,55,30600,0,0,0,5,2521,12946,28.1,0,0,155,58,8,8,0,8,,15,,0,1,4,3,3,28,11,12,4,26,0,0,0,2,100,33.3,0,0,118650,65553,18000,88050,,,,,,,,,,,,,,N,,,,,,,,,,,,,,,N,,,,,,
159601101,,6800,6800,6800, 36 months,13.08%,229.39,B,B5,,n/a,RENT,90192,Not Verified,19-Sep,Current,n,https://lendingclub.com/browse/loanDetail.action?loan_id=159601101,,other,Other,945xx,CA,8.07,0,Sep-91,690,694,0,56,,9,0,5456,25%,45,w,6349.29,6349.29,683.23,683.23,450.71,232.52,0,0,0,20-Jan,229.39,20-Feb,20-Jan,709,705,0,56,1,Individual,,,,0,0,18320,0,1,1,4,10,12864,86,1,3,3759,50,21800,1,0,1,7,2036,5887,47.9,0,0,97,336,7,7,1,7,56,12,56,1,3,4,4,14,20,8,24,4,9,0,0,0,2,95.6,25,0,0,36800,18320,11300,15000,,,,,,,,,,,,,,N,,,,,,,,,,,,,,,N,,,,,,
159604799,,35000,35000,35000, 36 months,11.02%,1146.19,B,B2,VP,3 years,RENT,130000,Source Verified,19-Sep,Current,n,https://lendingclub.com/browse/loanDetail.action?loan_id=159604799,,credit_card,Credit card refinancing,070xx,NJ,13.14,0,6-Aug,680,684,0,27,,8,0,44878,97.60%,15,w,31655.18,31655.18,4563.33,4563.33,3344.82,1218.51,0,0,0,20-Jan,1146.19,20-Feb,20-Jan,689,685,0,,1,Individual,,,,0,0,46533,0,4,0,0,120,1655,11,0,0,21296,77,46000,0,0,0,0,5817,1122,97.6,0,0,157,108,29,29,0,29,27,21,27,0,4,4,4,4,9,4,6,4,8,0,0,0,0,93.3,100,0,0,60625,46533,46000,14625,,,,,,,,,,,,,,N,,,,,,,,,,,,,,,N,,,,,,
159596546,,24000,24000,24000, 36 months,10.33%,778.14,B,B1,Accounting Specialist,10+ years,OWN,130000,Not Verified,19-Sep,Current,n,https://lendingclub.com/browse/loanDetail.action?loan_id=159596546,,debt_consolidation,Debt consolidation,140xx,NY,16.78,0,3-Jul,705,709,0,,,10,0,31121,68.50%,34,w,21684.15,21684.15,3098.79,3098.79,2315.85,782.94,0,0,0,20-Jan,778.14,20-Feb,20-Jan,739,735,0,,1,Individual,,,,0,0,72620,2,2,0,3,16,41499,82,2,5,19933,75,45400,3,1,0,8,7262,4403,87.4,0,0,150,194,4,4,2,5,,13,,0,4,5,4,9,11,8,21,5,10,0,0,0,2,100,50,0,0,96327,72620,35000,50927,,,,,,,,,,,,,,N,,,,,,,,,,,,,,,N,,,,,,
159323106,,18000,18000,18000, 60 months,18.62%,463.18,D,D1,,n/a,MORTGAGE,24000,Verified,19-Sep,Current,n,https://lendingclub.com/browse/loanDetail.action?loan_id=159323106,,debt_consolidation,Debt consolidation,177xx,PA,151.3,0,3-May,705,709,1,,,14,0,32760,71.40%,23,w,17247.18,17247.18,1834.1,1834.1,752.82,1081.28,0,0,0,20-Jan,463.18,20-Feb,20-Jan,709,705,0,,1,Joint App,169000,39.91,Verified,0,0,260278,2,6,3,4,3,70386,66,1,1,7756,67,45900,2,2,4,5,18591,9765,66.3,0,0,196,107,1,1,3,1,,3,,0,4,6,5,6,12,7,8,6,14,0,0,0,4,100,60,0,0,331061,103146,29000,107381,120834,665,669,3-May,2,3,28,61.6,16,12,0,0,,N,,,,,,,,,,,,,,,N,,,,,,
159607386,,21275,21275,21275, 60 months,13.08%,484.95,B,B5,Web Developer/Designer,1 year,MORTGAGE,76000,Source Verified,19-Sep,Current,n,https://lendingclub.com/browse/loanDetail.action?loan_id=159607386,,medical,Medical expenses,283xx,NC,11.61,0,Apr-00,690,694,0,73,82,15,1,10436,22.10%,36,w,20141.95,20141.95,2024.34,2024.34,1133.05,891.29,0,0,0,20-Jan,484.95,20-Feb,20-Jan,729,725,0,78,1,Individual,,,,0,0,15910,1,1,0,1,18,5474,46,1,7,2138,27,47300,1,0,3,8,1061,9862,17.8,0,0,135,233,2,2,3,21,,0,,0,1,6,5,8,12,14,21,6,15,0,0,0,1,97.1,0,1,0,59300,15910,12000,12000,,,,,,,,,,,,,,N,,,,,,,,,,,,,,,N,,,,,,
159303292,,32000,32000,32000, 36 months,11.02%,1047.95,B,B2,Resident Physician,7 years,OWN,72000,Not Verified,19-Sep,Current,n,https://lendingclub.com/browse/loanDetail.action?loan_id=159303292,,credit_card,Credit card refinancing,488xx,MI,34.72,0,5-Aug,665,669,0,,,17,0,28766,37%,64,w,28941.86,28941.86,4172.21,4172.21,3058.14,1114.07,0,0,0,20-Jan,1047.95,20-Feb,20-Jan,649,645,0,,1,Individual,,,,0,0,507087,2,3,2,2,8,478321,44,3,4,12448,40,77700,2,3,8,6,29829,46045,38.4,0,0,169,169,6,6,1,6,,8,,0,8,9,12,13,44,14,19,9,17,0,0,0,5,100,41.7,0,0,471294,507087,74800,393594,,,,,,,,,,,,,,N,,,,,,,,,,,,,,,N,,,,,,
159342350,,37000,37000,37000, 60 months,11.71%,817.64,B,B3,Marketing manager ,7 years,MORTGAGE,90000,Source Verified,19-Sep,Current,n,https://lendingclub.com/browse/loanDetail.action?loan_id=159342350,,debt_consolidation,Debt consolidation,028xx,RI,11.65,0,Aug-00,720,724,0,,,9,0,30272,99.30%,14,w,35146.77,35146.77,3246.49,3246.49,1853.23,1393.26,0,0,0,20-Jan,817.64,20-Feb,20-Jan,769,765,0,,1,Individual,,,,0,0,362661,0,5,0,0,67,18236,35,0,1,16725,59,30500,0,3,1,1,40296,0,100.7,0,0,229,84,14,14,1,14,,7,,0,2,3,2,3,9,3,4,3,9,0,0,0,0,100,100,0,0,416472,48508,29800,52313,,,,,,,,,,,,,,N,,,,,,,,,,,,,,,N,,,,,,
158781588,,18400,18400,18400, 36 months,16.12%,647.99,C,C3,General Manager,10+ years,RENT,40000,Verified,19-Sep,Current,n,https://lendingclub.com/browse/loanDetail.action?loan_id=158781588,,credit_card,Credit card refinancing,750xx,TX,9.84,0,May-89,660,664,0,75,,1,0,16160,99.10%,6,w,16765.98,16765.98,2575.48,2575.48,1634.02,941.46,0,0,0,20-Jan,647.99,20-Feb,20-Jan,619,615,0,,1,Individual,,,,0,0,16160,0,0,0,0,101,0,,0,0,16160,99,16300,0,0,0,0,16160,140,99.1,0,0,175,364,266,101,0,364,,,,0,1,1,1,2,4,1,2,1,1,0,0,0,0,80,100,0,0,16300,16160,16300,0,,,,,,,,,,,,,,N,,,,,,,,,,,,,,,N,,,,,,
159602788,,15950,15950,15950, 36 months,20.55%,597.24,D,D2,Project Manager,8 years,MORTGAGE,105000,Source Verified,19-Sep,Current,n,https://lendingclub.com/browse/loanDetail.action?loan_id=159602788,,credit_card,Credit card refinancing,776xx,TX,27.61,0,6-Sep,710,714,0,,,10,0,11978,22.80%,38,w,14619.93,14619.93,2370.75,2370.75,1330.07,1040.68,0,0,0,20-Jan,597.24,20-Feb,20-Jan,654,650,0,,1,Individual,,,,0,0,288166,0,3,0,3,18,114203,,1,3,9489,23,52500,0,0,5,6,28817,40522,22.8,0,0,156,78,9,9,2,9,,1,,0,5,5,6,7,25,6,11,5,10,0,0,0,1,100,33.3,0,0,362222,126181,52500,138559,,,,,,,,,,,,,,N,,,,,,,,,,,,,,,N,,,,,,
159216296,,16000,16000,16000, 60 months,8.19%,325.88,A,A4,Business Agent,2 years,MORTGAGE,116000,Not Verified,19-Sep,Fully Paid,n,https://lendingclub.com/browse/loanDetail.action?loan_id=159216296,,credit_card,Credit card refinancing,554xx,MN,15.69,0,4-Feb,720,724,0,,,25,0,44990,20.70%,68,w,0,0,16417.11541,16417.12,16000,417.12,0,0,0,19-Dec,15772.64,,20-Jan,764,760,0,,1,Individual,,,,0,0,53953,1,2,0,0,31,8963,30,2,5,10900,22,217000,0,4,2,6,2158,171110,19.3,0,0,140,187,9,2,4,9,,3,,0,13,14,22,32,20,23,44,14,25,0,0,0,3,100,0,0,0,246763,53953,212000,29763,,,,,,,,,,,,,,N,,,,,,,,,,,,,,,N,,,,,,
159314503,,40000,40000,40000, 36 months,7.56%,1245.36,A,A3,Child Life Specialist,< 1 year,MORTGAGE,58240,Verified,19-Sep,Current,n,https://lendingclub.com/browse/loanDetail.action?loan_id=159314503,,debt_consolidation,Debt consolidation,809xx,CO,33.59,0,Feb-90,730,734,0,,,3,0,28586,86.60%,21,w,35988.85,35988.85,4964.64,4964.64,4011.15,953.49,0,0,0,20-Jan,1245.36,20-Feb,20-Jan,719,715,0,,1,Joint App,178240,24.61,,0,0,30135,0,1,0,0,69,1549,6,0,0,20828,51,33000,0,1,0,0,10045,4414,86.6,0,0,157,355,93,33,2,127,,,,0,2,2,2,7,9,2,9,2,3,0,0,0,0,100,100,0,0,59381,30135,33000,26381,136665,700,704,Feb-90,0,3,10,78.9,3,14,0,0,,N,,,,,,,,,,,,,,,N,,,,,,
159172134,,40000,40000,40000, 60 months,13.08%,911.77,B,B5,,n/a,MORTGAGE,0,Not Verified,19-Sep,Current,n,https://lendingclub.com/browse/loanDetail.action?loan_id=159172134,,home_improvement,Home improvement,370xx,TN,,0,Nov-96,840,844,0,,,13,0,585232,8.90%,22,w,38065.58,38065.58,3618.01,3618.01,1934.42,1683.59,0,0,0,20-Jan,911.77,20-Feb,20-Jan,744,740,0,,1,Joint App,600000,16.01,Not Verified,0,0,1333997,0,1,0,0,26,43520,,0,2,576016,9,703400,0,0,0,2,102615,98034,7.3,0,0,26,274,17,17,3,17,,22,,0,5,7,7,10,1,10,18,7,13,0,0,0,0,100,14.3,0,0,1603821,628752,679900,66421,94520,675,679,Mar-99,1,3,20,57.2,4,22,0,0,,N,,,,,,,,,,,,,,,N,,,,,,
159479955,,9000,9000,9000, 36 months,6.46%,275.68,A,A1,Fish Hatchery Manager,10+ years,OWN,51000,Source Verified,19-Sep,Current,n,https://lendingclub.com/browse/loanDetail.action?loan_id=159479955,,credit_card,Credit card refinancing,406xx,KY,17.76,0,3-Jun,705,709,0,,,6,0,10915,93.30%,18,w,8319.53,8319.53,823.81,823.81,680.47,143.34,0,0,0,20-Jan,275.68,20-Feb,20-Jan,739,735,0,,1,Individual,,,,0,0,33138,0,2,1,2,10,22223,71,0,0,4036,77,11700,0,3,1,2,5523,0,100.9,0,0,181,195,34,10,0,34,,10,,0,1,4,1,6,6,4,12,4,6,0,0,0,1,100,100,0,0,43094,33138,4000,31394,,,,,,,,,,,,,,N,,,,,,,,,,,,,,,N,,,,,,
159523765,,15950,15950,15950, 36 months,28.80%,666.67,D,D5,,< 1 year,RENT,125000,Source Verified,19-Sep,Late (31-120 days),n,https://lendingclub.com/browse/loanDetail.action?loan_id=159523765,,debt_consolidation,Debt consolidation,331xx,FL,20.75,0,6-May,680,684,0,,,11,0,32528,47.30%,45,w,15950,15950,0,0,0,0,0,0,0,,0,20-Feb,20-Jan,539,535,0,,1,Individual,,,,0,0,50854,1,1,0,2,13,18326,64,5,5,14173,52,68800,2,1,4,8,4623,29864,51.7,0,0,91,160,4,4,1,4,,7,,0,6,7,9,27,9,10,33,7,11,0,0,0,6,100,33.3,0,0,97398,50854,61800,28598,,,,,,,,,,,,,,N,,,,,,,,,,,,,,,N,,,,,,
159486900,,10625,10625,10625, 36 months,8.81%,336.94,A,A5,,n/a,OWN,35000,Not Verified,19-Sep,Current,n,https://lendingclub.com/browse/loanDetail.action?loan_id=159486900,,home_improvement,Home improvement,417xx,KY,22.46,0,4-Oct,750,754,1,,,10,0,4747,17.10%,14,w,9577.8,9577.8,1342.56,1342.56,1047.2,295.36,0,0,0,20-Jan,336.94,20-Feb,20-Jan,754,750,0,,1,Individual,,,,0,0,21968,0,2,1,1,11,17221,67,1,4,2142,41,27700,1,0,2,5,2197,13492,25.5,0,0,179,66,10,10,0,20,,0,,0,3,4,4,6,4,8,10,4,10,0,0,0,2,100,0,0,0,53506,21968,18100,25806,,,,,,,,,,,,,,N,,,,,,,,,,,,,,,N,,,,,,
159610209,,35000,35000,35000, 36 months,15.24%,1217.41,C,C2,,n/a,RENT,60000,Not Verified,19-Sep,Current,n,https://lendingclub.com/browse/loanDetail.action?loan_id=159610209,,credit_card,Credit card refinancing,606xx,IL,28.82,0,1-Mar,690,694,0,,98,8,1,20255,70.10%,16,w,31848.96,31848.96,4840.01,4840.01,3151.04,1688.97,0,0,0,20-Jan,1217.41,20-Feb,20-Jan,729,725,0,,1,Individual,,,,0,72,27291,0,1,0,0,26,7036,34,0,0,10251,55,28900,0,0,0,0,3899,5596,76,0,0,164,222,35,26,0,39,,,,0,2,5,4,6,3,7,13,5,8,0,0,0,0,100,66.7,1,0,49800,27291,23300,20900,,,,,,,,,,,,,,N,,,,,,,,,,,,,,,N,,,,,,
158394176,,40000,40000,40000, 36 months,8.81%,1268.46,A,A5,Teacher,9 years,MORTGAGE,125000,Verified,19-Sep,Current,n,https://lendingclub.com/browse/loanDetail.action?loan_id=158394176,,credit_card,Credit card refinancing,925xx,CA,49.53,0,Sep-87,680,684,0,,,18,0,71715,89%,38,w,37093.83,37093.83,3785.8,3785.8,2906.17,879.63,0,0,0,20-Jan,1268.46,20-Feb,20-Jan,699,695,0,,1,Joint App,225000,28.39,Verified,0,52,712251,2,5,2,4,6,177536,14,1,2,11559,74,80600,2,9,3,9,41897,959,96.2,0,0,203,384,9,2,5,36,,4,,0,3,11,3,7,15,12,18,11,18,0,0,0,6,97.4,100,0,0,780321,249251,25500,236721,115483,670,674,2-Jan,0,5,16,74.4,5,13,0,0,,N,,,,,,,,,,,,,,,N,,,,,,
159026517,,4200,4200,4200, 36 months,20.55%,157.27,D,D2,Rural Carrier associate,3 years,MORTGAGE,44500,Verified,19-Sep,Current,n,https://lendingclub.com/browse/loanDetail.action?loan_id=159026517,,debt_consolidation,Debt consolidation,760xx,TX,35.3,0,3-Jun,670,674,1,68,,16,0,15665,56.10%,22,w,3849.75,3849.75,624.28,624.28,350.25,274.03,0,0,0,20-Jan,157.27,20-Feb,20-Jan,679,675,0,,1,Individual,,,,0,0,133206,2,4,2,3,10,17370,58,3,4,4555,57,27900,2,0,4,7,8325,3483,79.6,0,0,82,81,3,3,1,3,,2,,0,6,10,6,8,6,11,15,10,16,0,0,0,5,100,66.7,0,0,197254,33035,17100,29979,,,,,,,,,,,,,,N,,,,,,,,,,,,,,,N,,,,,,
159601659,,10000,10000,10000, 36 months,6.46%,306.31,A,A1,Accounts Receivable ,< 1 year,OWN,35000,Not Verified,19-Sep,Current,n,https://lendingclub.com/browse/loanDetail.action?loan_id=159601659,,credit_card,Credit card refinancing,336xx,FL,13.61,0,8-Apr,680,684,0,,,7,0,12871,34.10%,10,w,8981.91,8981.91,1221.65,1221.65,1018.09,203.56,0,0,0,20-Jan,306.31,20-Feb,20-Jan,704,700,0,,1,Individual,,,,0,1043,12871,1,0,0,0,32,0,,1,3,9076,34,37700,0,0,0,3,1839,24129,34.8,0,0,137,78,4,4,0,4,,16,,0,4,4,6,6,3,7,7,4,7,0,0,0,1,100,0,0,0,37700,12871,37000,0,,,,,,,,,,,,,,N,,,,,,,,,,,,,,,N,,,,,,
159584236,,10000,10000,10000, 36 months,11.71%,330.76,B,B3,Letter carrier,10+ years,MORTGAGE,90000,Not Verified,19-Sep,Current,n,https://lendingclub.com/browse/loanDetail.action?loan_id=159584236,,credit_card,Credit card refinancing,191xx,PA,11.84,0,8-Jul,690,694,1,,,6,0,10721,102.10%,12,w,9053.55,9053.55,1316.53,1316.53,946.45,370.08,0,0,0,20-Jan,330.76,20-Feb,20-Jan,689,685,0,,1,Individual,,,,0,0,123853,0,2,0,2,14,26974,72,0,1,4626,79,10500,2,0,1,3,20642,0,103.3,0,0,79,134,24,14,2,24,,3,,0,2,3,2,2,7,3,3,3,6,0,0,0,0,100,100,0,0,157891,37695,8000,37391,,,,,,,,,,,,,,N,,,,,,,,,,,,,,,N,,,,,,
159568503,,9900,9900,9900, 36 months,8.19%,311.1,A,A4,Teacher,9 years,MORTGAGE,194000,Verified,19-Sep,Current,n,https://lendingclub.com/browse/loanDetail.action?loan_id=159568503,,credit_card,Credit card refinancing,212xx,MD,8.67,0,4-Sep,715,719,0,49,,11,0,18633,54%,30,w,8881.37,8881.37,1239.9,1239.9,1018.63,221.27,0,0,0,20-Jan,311.1,20-Feb,20-Jan,734,730,0,49,1,Joint App,333000,6.38,,0,93,503648,1,3,1,2,11,84319,74,2,3,5847,57,34500,0,3,0,5,45786,8967,65.8,0,0,168,180,5,5,1,5,,16,49,4,5,6,5,6,16,7,13,6,11,0,0,0,3,80,60,0,0,539572,102952,26200,87770,28790,670,674,Aug-99,2,2,8,47.9,3,7,0,0,,N,,,,,,,,,,,,,,,N,,,,,,
159399865,,27000,27000,27000, 60 months,11.71%,596.66,B,B3,Strategic Business Development Manager,2 years,MORTGAGE,15000,Source Verified,19-Sep,Current,n,https://lendingclub.com/browse/loanDetail.action?loan_id=159399865,,debt_consolidation,Debt consolidation,014xx,MA,55.52,0,15-Nov,730,734,0,,,7,0,22906,81.80%,7,w,25557.2,25557.2,2369.08,2369.08,1442.8,926.28,0,0,0,20-Jan,596.66,20-Feb,20-Jan,659,655,0,,1,Joint App,165000,7.06,,0,0,22906,0,0,0,0,,0,,1,3,13267,82,28000,0,0,0,3,3272,1979,91.2,0,0,,46,10,10,0,10,,,,0,5,6,5,5,0,7,7,6,7,0,0,0,1,100,60,0,0,28000,22906,22400,0,26923,660,664,8-Jul,0,1,22,93.8,15,10,0,0,,N,,,,,,,,,,,,,,,N,,,,,,
159342821,,10000,10000,10000, 60 months,15.24%,239.17,C,C2,Safety Manager,4 years,RENT,110000,Not Verified,19-Sep,Current,n,https://lendingclub.com/browse/loanDetail.action?loan_id=159342821,,debt_consolidation,Debt consolidation,953xx,CA,20.09,0,11-Dec,700,704,1,30,,7,0,16853,45.30%,19,w,9542.7,9542.7,948.21,948.21,457.3,490.91,0,0,0,20-Jan,239.17,20-Feb,20-Jan,699,695,0,,1,Individual,,,,0,0,71787,2,3,2,3,5,54934,5,1,2,6928,28,39300,0,0,2,5,10255,18836,44.5,0,0,90,93,3,3,1,16,37,3,37,0,3,4,3,5,10,4,8,4,7,0,0,0,3,88.2,0,0,0,122501,71787,32300,83201,,,,,,,,,,,,,,N,,,,,,,,,,,,,,,N,,,,,,
159488316,,13000,13000,13000, 60 months,14.30%,304.52,C,C1,VP-Managing Director,10+ years,MORTGAGE,113000,Verified,19-Sep,Current,n,https://lendingclub.com/browse/loanDetail.action?loan_id=159488316,,debt_consolidation,Debt consolidation,300xx,GA,21.79,0,4-Aug,680,684,1,,,15,0,43720,57.50%,19,w,12390.8,12390.8,1207.75,1207.75,609.2,598.55,0,0,0,20-Jan,304.52,20-Feb,20-Jan,704,700,0,,1,Individual,,,,0,0,223411,0,5,0,2,15,53877,58,1,2,15080,58,76000,1,0,1,4,14894,30493,55.8,0,0,181,82,7,7,3,7,,0,,0,8,9,8,8,6,9,10,9,15,0,0,0,1,100,25,0,0,306671,97597,69000,93450,,,,,,,,,,,,,,N,,,,,,,,,,,,,,,N,,,,,,
159160730,,20000,20000,20000, 36 months,20.55%,748.89,D,D2,Pacemaker/ICD Device Engineer,7 years,MORTGAGE,110000,Source Verified,19-Sep,Current,n,https://lendingclub.com/browse/loanDetail.action?loan_id=159160730,,home_improvement,Home improvement,300xx,GA,15.17,1,3-Nov,670,674,2,4,,12,0,5673,15.70%,20,w,18332.2,18332.2,2972.73,2972.73,1667.8,1304.93,0,0,0,20-Jan,748.89,20-Feb,20-Jan,684,680,0,4,1,Individual,,,,0,0,68478,2,3,1,3,4,59611,112,1,4,1958,74,36200,5,2,6,10,5707,26527,17.6,1,0,182,190,4,4,2,4,49,1,49,1,4,4,7,7,7,8,9,4,12,0,0,1,4,80,0,0,0,92729,68478,32200,53242,,,,,,,,,,,,,,N,,,,,,,,,,,,,,,N,,,,,,
159504000,,18000,18000,18000, 60 months,11.71%,397.77,B,B3,,< 1 year,OWN,71000,Not Verified,19-Sep,Current,n,https://lendingclub.com/browse/loanDetail.action?loan_id=159504000,,debt_consolidation,Debt consolidation,206xx,MD,28.06,0,2-Jul,705,709,1,,,12,0,15384,45%,18,w,17098.43,17098.43,1579.37,1579.37,901.57,677.8,0,0,0,20-Jan,397.77,20-Feb,20-Jan,829,825,0,,1,Individual,,,,0,0,67101,0,3,0,1,14,51717,24,0,0,5550,39,34200,1,0,1,1,5592,11068,55.7,0,0,115,206,43,14,0,48,,0,,0,4,7,5,7,6,9,12,7,12,0,0,0,0,100,80,0,0,103289,67101,25000,69089,,,,,,,,,,,,,,N,,,,,,,,,,,,,,,N,,,,,,
159596075,,10000,10000,10000, 36 months,17.74%,360.23,C,C5,,n/a,MORTGAGE,60000,Not Verified,19-Sep,Current,n,https://lendingclub.com/browse/loanDetail.action?loan_id=159596075,,debt_consolidation,Debt consolidation,925xx,CA,12.88,0,7-Jun,670,674,2,59,,11,0,10763,22.30%,18,w,9131.39,9131.39,1431.06,1431.06,868.61,562.45,0,0,0,20-Jan,360.23,20-Feb,20-Jan,709,705,0,59,1,Individual,,,,0,4070,159972,5,1,1,1,5,1665,91,5,7,7692,25,48300,0,0,2,8,14543,36810,19.8,0,0,72,126,2,2,2,2,59,4,59,3,6,7,8,10,2,9,14,7,11,0,0,0,6,83.3,12.5,0,0,222624,12428,45900,1824,,,,,,,,,,,,,,N,,,,,,,,,,,,,,,N,,,,,,
159598770,,5250,5250,5250, 36 months,7.56%,163.46,A,A3,Product Manager,6 years,RENT,96000,Not Verified,19-Sep,Current,n,https://lendingclub.com/browse/loanDetail.action?loan_id=159598770,,debt_consolidation,Debt consolidation,275xx,NC,2.09,0,10-Apr,720,724,0,,,6,0,3012,5.70%,16,w,3708.83,3708.83,1651.64,1651.64,1541.17,110.47,0,0,0,20-Jan,163.46,20-Feb,20-Jan,724,720,0,,1,Individual,,,,0,0,139796,0,0,1,1,8,0,,3,3,1461,6,52500,1,0,2,4,23299,36039,3.9,0,0,56,113,11,8,1,12,,8,,0,1,2,2,6,2,5,13,2,6,0,0,0,4,93.8,0,0,0,214511,3012,37500,0,,,,,,,,,,,,,,N,,,,,,,,,,,,,,,N,,,,,,
159439477,,30000,30000,30000, 60 months,12.40%,673.42,B,B4,Police Officer,8 years,MORTGAGE,71000,Verified,19-Sep,Current,n,https://lendingclub.com/browse/loanDetail.action?loan_id=159439477,,debt_consolidation,Debt consolidation,210xx,MD,23.07,0,9-Feb,765,769,0,25,,8,0,0,0%,20,w,28524.78,28524.78,2673.01,2673.01,1475.22,1197.79,0,0,0,20-Jan,673.42,20-Feb,20-Jan,769,765,0,,1,Joint App,154398,11.78,Verified,0,0,295594,0,3,0,1,24,46827,67,0,0,0,57,11200,0,0,0,1,36949,2500,0,0,0,103,127,29,24,1,29,,,,0,0,0,1,3,10,4,9,0,8,0,0,0,0,95,0,0,0,382467,46827,2500,70320,26623,675,679,8-May,0,1,6,49,2,15,1,0,7,N,,,,,,,,,,,,,,,N,,,,,,
159599072,,10500,10500,10500, 60 months,12.40%,235.7,B,B4,,n/a,RENT,14814,Not Verified,19-Sep,Current,n,https://lendingclub.com/browse/loanDetail.action?loan_id=159599072,,debt_consolidation,Debt consolidation,991xx,WA,14.99,0,May-00,765,769,0,,,7,0,4795,16.60%,12,w,10155.05,10155.05,699.87,699.87,344.95,354.92,0,0,0,20-Jan,235.7,20-Feb,19-Oct,769,765,0,,1,Individual,,,,0,0,6872,0,1,0,1,13,2077,69,0,2,2666,22,28800,2,0,0,3,982,22805,17.4,0,0,232,67,17,13,0,17,,13,,0,3,3,5,5,6,6,6,3,7,0,0,0,0,100,0,0,0,31800,6872,27600,3000,,,,,,,,,,,,,,N,,,,,,,,,,,,,,,N,,,,,,
159153278,,30000,30000,30000, 60 months,16.12%,731.46,C,C3,,n/a,OWN,36500,Not Verified,19-Sep,Current,n,https://lendingclub.com/browse/loanDetail.action?loan_id=159153278,,house,Home buying,906xx,CA,24.27,0,Apr-79,770,774,0,,,14,0,5385,16.70%,18,w,28659.45,28659.45,2898.97,2898.97,1340.55,1558.42,0,0,0,20-Jan,731.46,20-Feb,20-Jan,824,820,0,,1,Individual,,,,0,0,13584,0,2,0,0,41,8199,24,0,1,3097,20,32300,0,0,3,1,1045,14247,26.2,0,0,70,145,21,21,0,21,,6,,0,3,5,6,10,2,11,15,5,14,0,0,0,0,100,16.7,0,0,66838,13584,19300,34538,,,,,,,,,,,,,,N,,,,,,,,,,,,,,,N,,,,,,
158628181,,20000,20000,20000, 36 months,8.81%,634.23,A,A5,Remodel expert,3 years,RENT,44000,Not Verified,19-Sep,Current,n,https://lendingclub.com/browse/loanDetail.action?loan_id=158628181,,debt_consolidation,Debt consolidation,891xx,NV,13.72,0,6-Feb,745,749,0,,,6,0,5435,21.80%,12,w,17953.79,17953.79,2527.13,2527.13,2046.21,480.92,0,0,0,20-Jan,634.23,20-Feb,20-Jan,784,780,0,,1,Individual,,,,0,0,11722,0,1,0,1,16,6287,63,2,2,2042,34,24900,1,0,0,3,1954,15077,20.2,0,0,163,161,7,7,0,7,,16,,0,3,4,3,4,5,5,7,4,6,0,0,0,2,100,0,0,0,34900,11722,18900,10000,,,,,,,,,,,,,,N,,,,,,,,,,,,,,,N,,,,,,
159457294,,4250,4250,4250, 36 months,20.55%,159.14,D,D2,CEO,10+ years,RENT,60000,Not Verified,19-Sep,Current,n,https://lendingclub.com/browse/loanDetail.action?loan_id=159457294,,debt_consolidation,Debt consolidation,930xx,CA,19.62,0,8-May,705,709,0,58,,11,0,2839,16.60%,19,w,3895.59,3895.59,631.71,631.71,354.41,277.3,0,0,0,20-Jan,159.14,20-Feb,20-Jan,724,720,0,,1,Individual,,,,0,0,24399,2,2,2,3,2,21560,85,1,5,1881,57,17100,1,0,1,8,2218,5305,29.3,0,0,136,106,1,1,0,43,,9,58,0,3,7,4,4,7,9,12,7,11,0,0,0,3,94.7,25,0,0,42525,24399,7500,25425,,,,,,,,,,,,,,N,,,,,,,,,,,,,,,N,,,,,,
159038963,,31350,31350,31350, 60 months,23.05%,884.68,D,D3,Registered Nurse,< 1 year,MORTGAGE,100000,Verified,19-Sep,Current,n,https://lendingclub.com/browse/loanDetail.action?loan_id=159038963,,debt_consolidation,Debt consolidation,300xx,GA,16.62,0,Sep-93,730,734,0,41,,14,0,17433,24.10%,52,w,29974.51,29974.51,3498.57,3498.57,1375.49,2123.08,0,0,0,20-Jan,884.68,20-Feb,20-Jan,714,710,0,,1,Joint App,225000,19.52,Source Verified,0,0,278002,0,2,0,1,20,132101,76,2,4,13490,38,72200,1,1,2,6,19857,41267,29.7,0,0,152,312,10,10,5,11,,10,41,0,4,4,7,15,18,11,29,4,14,0,0,0,3,93.9,14.3,0,0,330208,149534,58700,128008,75578,550,554,Jan-97,0,2,8,91,3,8,0,1,1,N,,,,,,,,,,,,,,,N,,,,,,
159387453,,40000,40000,40000, 60 months,13.08%,911.77,B,B5,Human Resource Manager ,10+ years,MORTGAGE,115000,Verified,19-Sep,Current,n,https://lendingclub.com/browse/loanDetail.action?loan_id=159387453,,debt_consolidation,Debt consolidation,208xx,MD,9.11,0,7-Feb,790,794,0,61,,16,0,3057,4.30%,32,w,38065.58,38065.58,3618.01,3618.01,1934.42,1683.59,0,0,0,20-Jan,911.77,20-Feb,20-Jan,784,780,0,,1,Joint App,215000,13.99,Source Verified,0,0,647335,0,2,1,1,10,15475,51,1,2,2140,18,70300,0,1,0,3,40458,56931,5,0,0,149,151,11,10,4,11,61,,61,0,5,7,8,11,4,13,24,7,16,0,0,0,2,96.9,0,0,0,755592,18532,59900,30610,55787,645,649,11-Jan,0,0,7,97.6,1,25,0,0,,N,,,,,,,,,,,,,,,N,,,,,,
159499767,,26575,26575,26575, 36 months,13.08%,896.45,B,B5,Manager,4 years,RENT,64000,Source Verified,19-Sep,Current,n,https://lendingclub.com/browse/loanDetail.action?loan_id=159499767,,credit_card,Credit card refinancing,953xx,CA,35.85,0,4-Nov,695,699,0,103,,15,0,17342,48.30%,42,w,24107.9,24107.9,3566.49,3566.49,2467.1,1099.39,0,0,0,20-Jan,896.45,20-Feb,20-Jan,729,725,0,103,1,Individual,,,,0,0,125573,0,6,0,2,14,108231,76,1,2,4861,66,35900,1,0,0,4,8372,17895,48,0,0,121,178,9,9,0,9,103,14,103,1,7,8,8,13,23,9,19,8,15,0,0,0,1,97.6,50,0,0,154963,125573,34400,119063,,,,,,,,,,,,,,N,,,,,,,,,,,,,,,N,,,,,,
158884774,,27200,27200,27200, 60 months,15.24%,650.52,C,C2,Dentist,1 year,RENT,150000,Source Verified,19-Sep,Current,n,https://lendingclub.com/browse/loanDetail.action?loan_id=158884774,,credit_card,Credit card refinancing,029xx,RI,23.66,0,5-Feb,695,699,0,,,12,0,31561,51.70%,27,w,25961.68,25961.68,2611.58,2611.58,1238.32,1340.73,32.53,0,0,20-Jan,650.52,20-Feb,20-Jan,664,660,0,,1,Individual,,,,0,0,863114,3,7,2,2,3,831553,92,1,1,29624,68,61000,0,0,0,3,86311,29439,51.7,0,0,175,159,4,3,0,4,,,,0,2,2,3,4,23,3,4,2,12,0,0,0,3,100,66.7,0,0,724574,863114,61000,663574,,,,,,,,,,,,,,N,,,,,,,,,,,,,,,N,,,,,,
159484226,,35000,35000,35000, 60 months,12.40%,785.65,B,B4,Vice President of Finance,< 1 year,OWN,195000,Source Verified,19-Sep,Current,n,https://lendingclub.com/browse/loanDetail.action?loan_id=159484226,,debt_consolidation,Debt consolidation,282xx,NC,17.38,0,Aug-92,700,704,0,,,15,0,27992,26.70%,23,w,33277.6,33277.6,3118.49,3118.49,1722.4,1396.09,0,0,0,20-Jan,785.65,20-Feb,20-Jan,674,670,0,,1,Joint App,220000,19.68,Not Verified,0,0,477456,2,6,2,5,2,130217,79,1,1,9916,48,104900,2,0,3,8,31830,70904,27.8,0,0,193,325,8,2,2,32,,2,,0,5,6,6,7,11,8,10,6,15,0,0,0,5,100,16.7,0,0,550634,158209,98200,125734,92561,700,704,6-Sep,0,4,12,24.3,3,25,0,0,,N,,,,,,,,,,,,,,,N,,,,,,
159596866,,10000,10000,10000, 36 months,7.02%,308.87,A,A2,Recruiter,10+ years,MORTGAGE,135000,Not Verified,19-Sep,Current,n,https://lendingclub.com/browse/loanDetail.action?loan_id=159596866,,credit_card,Credit card refinancing,554xx,MN,17.27,0,Jun-00,725,729,0,,,8,0,92790,72.30%,14,w,8989.7,8989.7,1231.58,1231.58,1010.3,221.28,0,0,0,20-Jan,308.87,20-Feb,19-Sep,729,725,0,,1,Individual,,,,0,0,441568,0,2,1,2,10,30763,85,0,0,9102,77,109700,1,2,0,2,55196,12114,67,0,0,161,231,56,10,2,119,,13,,0,3,5,3,3,6,5,6,5,8,0,0,0,1,100,33.3,0,0,537882,123553,36700,36182,,,,,,,,,,,,,,N,,,,,,,,,,,,,,,N,,,,,,
159505729,,25000,25000,25000, 36 months,23.05%,968.4,D,D3,Account Executive,10+ years,RENT,130000,Verified,19-Sep,Current,n,https://lendingclub.com/browse/loanDetail.action?loan_id=159505729,,credit_card,Credit card refinancing,913xx,CA,22.25,0,4-May,705,709,0,,,15,0,13179,49.90%,31,w,22990.25,22990.25,3841.59,3841.59,2009.75,1831.84,0,0,0,20-Jan,968.4,20-Feb,20-Jan,684,680,0,,1,Individual,,,,0,0,75647,0,4,1,2,11,60490,62,1,4,6295,57,26400,3,0,3,7,5043,3421,79.4,0,0,184,170,10,10,0,10,,0,,0,3,3,5,8,13,9,15,3,15,0,0,0,3,100,60,0,0,127385,75647,16600,96356,,,,,,,,,,,,,,N,,,,,,,,,,,,,,,N,,,,,,
158744038,,26000,26000,26000, 36 months,15.24%,904.36,C,C2,Security guard,< 1 year,RENT,57000,Source Verified,19-Sep,Current,n,https://lendingclub.com/browse/loanDetail.action?loan_id=158744038,,debt_consolidation,Debt consolidation,114xx,NY,11.01,0,8-Sep,750,754,1,,,7,0,0,0%,15,w,23659.24,23659.24,3595.43,3595.43,2340.76,1254.67,0,0,0,20-Jan,904.36,20-Feb,20-Jan,779,775,0,,1,Joint App,89000,7.42,Source Verified,0,80,22251,1,2,2,3,5,22251,92,1,2,0,51,19200,2,0,2,5,3179,18000,0,0,0,16,132,11,5,0,24,,5,,0,0,0,4,8,3,5,12,0,7,0,0,0,3,100,0,0,0,43300,22251,18000,24100,3360,660,664,5-Jul,0,0,2,0.7,0,6,0,0,36,N,,,,,,,,,,,,,,,N,,,,,,
159231951,,18000,18000,18000, 60 months,13.08%,410.3,B,B5,Operations Supervisor,3 years,RENT,50000,Source Verified,19-Sep,Current,n,https://lendingclub.com/browse/loanDetail.action?loan_id=159231951,,debt_consolidation,Debt consolidation,750xx,TX,14.47,0,10-Sep,660,664,0,,,13,0,13973,85.70%,13,w,17129.5,17129.5,1628.12,1628.12,870.5,757.62,0,0,0,20-Jan,410.3,20-Feb,20-Jan,684,680,0,,1,Individual,,,,0,0,43223,1,9,0,0,48,29250,95,2,2,10372,92,16300,0,0,2,2,3325,2052,86.3,0,0,108,40,1,1,0,1,,8,,0,3,4,3,3,9,4,4,4,13,0,0,0,2,100,33.3,0,0,47197,43223,15000,30897,,,,,,,,,,,,,,N,,,,,,,,,,,,,,,N,,,,,,
159602010,,15000,15000,15000, 60 months,12.40%,336.71,B,B4,School Counselor,10+ years,OWN,80000,Source Verified,19-Sep,Current,n,https://lendingclub.com/browse/loanDetail.action?loan_id=159602010,,credit_card,Credit card refinancing,107xx,NY,30.6,0,1-Aug,770,774,0,,,9,0,15813,34%,52,w,14261.82,14261.82,1336.51,1336.51,738.18,598.33,0,0,0,20-Jan,336.71,20-Feb,20-Jan,814,810,0,,1,Individual,,,,0,0,409062,0,3,0,1,24,166046,69,0,0,15648,47,46500,0,1,0,1,51133,30687,34,0,0,217,200,26,24,2,26,,,,0,2,2,4,13,35,4,15,2,9,0,0,0,0,100,0,0,0,485529,181859,46500,173629,,,,,,,,,,,,,,N,,,,,,,,,,,,,,,N,,,,,,
159559107,,32000,32000,32000, 60 months,10.33%,685.12,B,B1,Truck Driver,3 years,MORTGAGE,105000,Source Verified,19-Sep,Current,n,https://lendingclub.com/browse/loanDetail.action?loan_id=159559107,,other,Other,917xx,CA,7.66,0,1-Aug,805,809,0,,,8,0,1559,10.50%,14,w,30340.11,30340.11,2722.12,2722.12,1659.89,1062.23,0,0,0,20-Jan,685.12,20-Feb,20-Jan,804,800,0,,1,Individual,,,,0,0,350529,0,2,0,0,55,7780,21,0,0,1065,18,14800,2,0,2,0,43816,11041,12.4,0,0,165,217,53,32,1,53,,2,,0,4,4,4,5,6,5,7,4,8,0,0,0,0,100,0,0,0,409539,9339,12600,37329,,,,,,,,,,,,,,N,,,,,,,,,,,,,,,N,,,,,,
159454492,,20000,20000,20000, 60 months,8.81%,413.33,A,A5,Account Manager,2 years,MORTGAGE,52000,Source Verified,19-Sep,Current,n,https://lendingclub.com/browse/loanDetail.action?loan_id=159454492,,credit_card,Credit card refinancing,296xx,SC,21.42,0,13-Jul,710,714,1,,,15,0,19751,28.60%,25,w,18922.22,18922.22,1643.53,1643.53,1077.78,565.75,0,0,0,20-Jan,413.33,20-Feb,20-Jan,779,775,0,,1,Individual,,,,0,0,161816,1,1,1,1,6,22962,95,1,7,4336,46,69000,0,0,1,8,10788,39006,30.7,0,0,59,74,9,6,1,18,,1,,0,8,10,9,15,2,13,22,10,15,0,0,0,2,100,0,0,0,217307,42713,56300,24207,,,,,,,,,,,,,,N,,,,,,,,,,,,,,,N,,,,,,
159487839,,9000,9000,9000, 36 months,25.65%,360.94,D,D4,,n/a,MORTGAGE,0,Verified,19-Sep,Current,n,https://lendingclub.com/browse/loanDetail.action?loan_id=159487839,,car,Car financing,773xx,TX,,1,May-97,705,709,2,12,,24,0,121406,61.60%,49,w,8303.81,8303.81,1430.94,1430.94,696.19,734.75,0,0,0,20-Jan,360.94,20-Feb,20-Jan,644,640,0,,1,Joint App,485000,24.93,Verified,0,0,882725,4,3,0,1,15,64598,84,4,4,14777,75,152200,2,7,3,5,38379,8066,75.3,0,0,248,268,1,1,1,35,,0,12,0,3,12,5,9,20,18,25,12,24,0,0,0,4,97.8,60,0,0,966531,218289,32600,68646,234989,675,679,Jan-99,2,2,20,79.7,7,19,0,0,78,N,,,,,,,,,,,,,,,N,,,,,,
159416020,,35000,35000,35000, 36 months,16.12%,1232.58,C,C3,Captain ,10+ years,MORTGAGE,90000,Verified,19-Sep,Current,n,https://lendingclub.com/browse/loanDetail.action?loan_id=159416020,,debt_consolidation,Debt consolidation,785xx,TX,25.35,0,11-Sep,700,704,0,27,,7,0,20885,84.60%,19,w,31888.34,31888.34,4898.98,4898.98,3111.66,1787.32,0,0,0,20-Jan,1232.58,20-Feb,20-Jan,749,745,0,,1,Individual,,,,0,0,292095,0,3,1,1,7,33494,50,0,0,8669,59,24700,1,0,4,1,41728,3815,84.6,0,0,78,96,40,7,3,40,,7,,0,3,3,3,7,4,3,12,3,7,0,0,0,1,94.4,100,0,0,346188,54379,24700,67610,,,,,,,,,,,,,,N,,,,,,,,,,,,,,,N,,,,,,
159331320,,10000,10000,10000, 36 months,17.74%,360.23,C,C5,Office Manager,10+ years,MORTGAGE,94140,Verified,19-Sep,Current,n,https://lendingclub.com/browse/loanDetail.action?loan_id=159331320,,debt_consolidation,Debt consolidation,920xx,CA,34.19,0,4-Aug,675,679,0,32,,25,0,20620,45.40%,39,w,9363.49,9363.49,1070.83,1070.83,636.51,434.32,0,0,0,20-Jan,360.23,20-Feb,20-Jan,689,685,0,32,1,Joint App,161140,19.97,Verified,0,0,466618,4,11,2,2,6,57994,60,5,5,5515,55,45400,3,1,5,7,18665,7576,63,0,0,181,86,2,2,2,2,51,6,51,2,5,7,6,11,16,13,21,8,25,0,0,0,7,94.9,66.7,0,0,558355,78614,20500,96885,37856,610,614,11-Feb,0,2,12,42.6,4,14,0,0,0,N,,,,,,,,,,,,,,,N,,,,,,
158321725,,24000,24000,24000, 60 months,8.81%,496,A,A5,Assistant Manager,1 year,MORTGAGE,56000,Not Verified,19-Sep,Current,n,https://lendingclub.com/browse/loanDetail.action?loan_id=158321725,,credit_card,Credit card refinancing,273xx,NC,29.04,0,6-Jun,675,679,0,,,29,0,27094,38.60%,54,w,22706.64,22706.64,1972.25,1972.25,1293.36,678.89,0,0,0,20-Jan,496,20-Feb,20-Jan,744,740,0,,1,Individual,,,,0,0,305667,1,15,2,5,11,209665,115,3,5,6202,90,70200,0,1,2,10,10540,32301,43.1,0,0,159,154,3,3,2,3,,12,,0,9,11,11,12,36,13,16,11,29,0,0,0,5,100,36.4,0,0,356178,236759,56800,177177,,,,,,,,,,,,,,N,,,,,,,,,,,,,,,N,,,,,,
158930963,,7200,7200,7200, 36 months,13.08%,242.88,B,B5,Receptionis,2 years,RENT,25000,Source Verified,19-Sep,Current,n,https://lendingclub.com/browse/loanDetail.action?loan_id=158930963,,debt_consolidation,Debt consolidation,346xx,FL,7.83,0,8-Sep,705,709,0,,,4,0,6033,39.70%,6,w,6531.57,6531.57,966.29,966.29,668.43,297.86,0,0,0,20-Jan,242.88,20-Feb,20-Jan,734,730,0,,1,Individual,,,,0,0,6033,0,0,0,0,132,0,,0,0,4861,40,15200,0,0,0,0,1508,9167,39.7,0,0,132,72,29,29,0,29,,22,,0,2,2,4,4,2,4,4,2,4,0,0,0,0,100,25,0,0,15200,6033,15200,0,,,,,,,,,,,,,,N,,,,,,,,,,,,,,,N,,,,,,
158441857,,10625,10625,10625, 36 months,16.12%,374.18,C,C3,Guard,2 years,MORTGAGE,35440,Verified,19-Sep,Current,n,https://lendingclub.com/browse/loanDetail.action?loan_id=158441857,,home_improvement,Home improvement,352xx,AL,15.54,0,Dec-99,665,669,0,42,,3,0,1283,98.70%,22,w,9635.81,9635.81,1487.2,1487.2,989.19,498.01,0,0,0,20-Jan,374.18,20-Feb,20-Jan,669,665,0,,1,Individual,,,,0,0,113973,2,1,3,5,6,7841,28,0,0,0,31,1300,1,2,2,6,37991,,,0,0,135,57,54,3,3,,42,4,42,0,0,1,0,1,17,1,2,1,3,0,0,0,4,95.5,,0,0,134689,9124,0,28540,,,,,,,,,,,,,,N,,,,,,,,,,,,,,,N,,,,,,
159486865,,30000,30000,30000, 36 months,11.71%,992.28,B,B3,Executive Director,10+ years,RENT,77000,Source Verified,19-Sep,Current,n,https://lendingclub.com/browse/loanDetail.action?loan_id=159486865,,debt_consolidation,Debt consolidation,930xx,CA,14.85,0,Jul-99,670,674,0,45,,5,0,22414,96.60%,7,w,27160.66,27160.66,3949.6,3949.6,2839.34,1110.26,0,0,0,20-Jan,992.28,20-Feb,20-Jan,724,720,0,,1,Individual,,,,0,0,29457,0,1,0,0,27,2407,22,0,0,10882,74,23200,0,0,0,0,5891,786,96.6,0,0,62,242,147,27,0,147,45,,45,1,3,3,3,3,2,3,4,3,5,0,0,0,0,71.4,100,0,0,40058,29457,23200,10831,,,,,,,,,,,,,,N,,,,,,,,,,,,,,,N,,,,,,
159451959,,8000,8000,8000, 36 months,16.12%,281.74,C,C3,Office manager,10+ years,RENT,115000,Not Verified,19-Sep,Current,n,https://lendingclub.com/browse/loanDetail.action?loan_id=159451959,,debt_consolidation,Debt consolidation,953xx,CA,16.4,0,10-Dec,680,684,0,,,11,0,10804,38.90%,16,w,7288.73,7288.73,1119.8,1119.8,711.27,408.53,0,0,0,20-Jan,281.74,20-Feb,20-Jan,719,715,0,,1,Individual,,,,0,0,45815,4,2,1,2,4,35011,61,3,5,3552,54,27800,0,2,0,7,4165,9245,30,0,0,95,105,1,1,0,19,,,,0,2,8,3,3,5,9,11,8,11,0,0,0,4,100,33.3,0,0,84804,45815,13200,57004,,,,,,,,,,,,,,N,,,,,,,,,,,,,,,N,,,,,,
159544762,,13000,13000,13000, 36 months,6.46%,398.21,A,A1,Business Analyst,1 year,RENT,58000,Source Verified,19-Sep,Current,n,https://lendingclub.com/browse/loanDetail.action?loan_id=159544762,,debt_consolidation,Debt consolidation,871xx,NM,9.21,0,Apr-94,785,789,1,,,4,0,7287,28%,16,w,11676.45,11676.45,1588.17,1588.17,1323.55,264.62,0,0,0,20-Jan,398.21,20-Feb,20-Jan,799,795,0,,1,Individual,,,,0,0,12999,0,1,0,0,35,5712,44,0,0,7287,33,26000,0,0,2,0,4333,18713,28,0,0,132,305,42,35,2,42,,4,,0,1,1,3,6,6,3,8,1,4,0,0,0,0,100,0,0,0,39000,12999,26000,13000,,,,,,,,,,,,,,N,,,,,,,,,,,,,,,N,,,,,,
159213169,,17000,17000,17000, 36 months,10.33%,551.18,B,B1,Senior Special Agent,1 year,MORTGAGE,112200,Source Verified,19-Sep,Current,n,https://lendingclub.com/browse/loanDetail.action?loan_id=159213169,,credit_card,Credit card refinancing,201xx,VA,16.07,0,3-Aug,695,699,0,74,,11,0,19383,57%,22,w,15359.62,15359.62,2194.96,2194.96,1640.38,554.58,0,0,0,20-Jan,551.18,20-Feb,20-Jan,764,760,0,,1,Individual,,,,0,0,58349,0,4,0,3,16,38966,70,3,4,11273,65,34000,2,0,2,7,5304,644,96.3,0,0,193,141,10,10,1,11,,10,,0,2,4,2,5,8,7,13,4,11,0,0,0,3,95.5,100,0,0,89510,58349,17500,55510,,,,,,,,,,,,,,N,,,,,,,,,,,,,,,N,,,,,,
159610145,,5000,5000,5000, 36 months,14.30%,171.62,C,C1,QMED/Engine Dept,3 years,RENT,152000,Source Verified,19-Sep,Current,n,https://lendingclub.com/browse/loanDetail.action?loan_id=159610145,,debt_consolidation,Debt consolidation,980xx,WA,17.17,2,3-Oct,660,664,0,5,,9,0,9904,91.70%,20,w,4543.78,4543.78,682.51,682.51,456.22,226.29,0,0,0,20-Jan,171.62,20-Feb,20-Jan,634,630,0,5,1,Individual,,,,0,0,43564,0,5,0,1,16,33660,48,0,0,6309,54,10800,0,4,0,1,4840,335,96,1,0,191,178,33,16,0,33,5,19,5,1,3,4,3,5,11,4,9,4,9,0,0,1,0,90,100,0,0,80423,43564,8300,69623,,,,,,,,,,,,,,N,,,,,,,,,,,,,,,N,,,,,,
159605270,,11700,11700,11700, 60 months,28.80%,369.96,D,D5,Managment,10+ years,MORTGAGE,120000,Source Verified,19-Sep,Current,n,https://lendingclub.com/browse/loanDetail.action?loan_id=159605270,,home_improvement,Home improvement,604xx,IL,22.83,0,4-Jul,660,664,0,44,,21,0,19127,55.10%,28,w,11330.31,11330.31,1461.12,1461.12,369.69,1091.43,0,0,0,20-Jan,369.96,20-Feb,20-Jan,724,720,1,44,1,Individual,,,,0,202,258564,1,5,1,2,3,51189,67,2,3,4924,63,34700,3,0,4,5,12313,3067,84.8,0,0,135,182,7,3,4,7,,3,44,2,7,10,7,7,9,15,15,10,21,0,0,0,3,81.5,71.4,0,0,313318,70316,20200,76986,,,,,,,,,,,,,,N,,,,,,,,,,,,,,,N,,,,,,
159606176,,21050,21050,21050, 36 months,7.02%,650.16,A,A2,,n/a,MORTGAGE,90000,Not Verified,19-Sep,Current,n,https://lendingclub.com/browse/loanDetail.action?loan_id=159606176,,debt_consolidation,Debt consolidation,773xx,TX,25.95,0,Jun-85,780,784,0,71,,13,0,0,0%,24,w,18923.36,18923.36,2592.43,2592.43,2126.64,465.79,0,0,0,20-Jan,650.16,20-Feb,20-Jan,794,790,0,,1,Individual,,,,0,0,120283,1,3,1,3,3,30123,60,1,2,0,36,55900,2,1,1,5,9253,38400,0,0,0,277,409,8,3,3,182,,9,71,0,0,0,5,7,9,8,11,0,13,0,0,0,2,95.8,0,0,0,208586,42809,38400,50000,,,,,,,,,,,,,,N,,,,,,,,,,,,,,,N,,,,,,
159023313,,30000,30000,30000, 36 months,20.55%,1123.34,D,D2,Owner/Stylist,10+ years,RENT,60000,Verified,19-Sep,Current,n,https://lendingclub.com/browse/loanDetail.action?loan_id=159023313,,debt_consolidation,Debt consolidation,914xx,CA,31.52,0,Jan-77,685,689,0,60,,13,0,27666,84.10%,19,w,27498.29,27498.29,4459.11,4459.11,2501.71,1957.4,0,0,0,20-Jan,1123.34,20-Feb,20-Jan,739,735,0,,1,Individual,,,,0,0,37827,0,1,0,1,18,10161,57,0,2,5200,74,32900,0,0,0,3,2910,3742,88,0,0,153,512,15,15,0,17,60,,60,0,10,12,10,12,3,12,16,12,13,0,0,0,0,89.5,80,0,0,50900,37827,31200,18000,,,,,,,,,,,,,,N,,,,,,,,,,,,,,,N,,,,,,
159604155,,28000,28000,28000, 36 months,8.19%,879.88,A,A4,Maintenance Electronics Technician,10+ years,RENT,115000,Source Verified,19-Sep,Current,n,https://lendingclub.com/browse/loanDetail.action?loan_id=159604155,,credit_card,Credit card refinancing,318xx,GA,15.09,0,Mar-95,710,714,0,,,6,0,27781,86.80%,19,w,25216.55,25216.55,3506.78,3506.78,2783.45,723.33,0,0,0,20-Jan,879.88,20-Feb,20-Jan,814,810,0,,1,Individual,,,,0,0,65989,0,1,0,1,18,38208,,0,1,9624,87,32000,0,2,0,2,13198,4219,86.8,0,0,146,294,24,18,1,24,,,,0,4,4,4,9,6,5,11,4,6,0,0,0,0,100,75,0,0,79430,65989,32000,47430,,,,,,,,,,,,,,N,,,,,,,,,,,,,,,N,,,,,,
159357165,,8000,8000,8000, 36 months,7.02%,247.09,A,A2,Marketing Manager,< 1 year,RENT,155000,Source Verified,19-Sep,Current,n,https://lendingclub.com/browse/loanDetail.action?loan_id=159357165,,credit_card,Credit card refinancing,801xx,CO,4.52,0,16-Apr,740,744,0,,,5,0,2633,9.60%,8,w,7191.78,7191.78,985.24,985.24,808.22,177.02,0,0,0,20-Jan,247.09,20-Feb,20-Jan,739,735,0,,1,Individual,,,,0,0,25040,2,1,0,1,15,20869,80,1,1,2422,45,27500,0,2,2,5,5008,24867,9.6,0,0,26,41,2,2,2,2,,4,,0,2,2,3,3,2,3,3,2,5,0,0,0,3,100,0,0,0,55800,25040,27500,26086,,,,,,,,,,,,,,N,,,,,,,,,,,,,,,N,,,,,,
158605941,,5500,5500,5500, 36 months,11.71%,181.92,B,B3,Investigative Research Specialist ,< 1 year,MORTGAGE,69996,Source Verified,19-Sep,Current,n,https://lendingclub.com/browse/loanDetail.action?loan_id=158605941,,debt_consolidation,Debt consolidation,391xx,MS,12.57,0,Apr-99,700,704,1,29,,11,0,14205,31.70%,25,w,4979.45,4979.45,724.1,724.1,520.55,203.55,0,0,0,20-Jan,181.92,20-Feb,20-Jan,689,685,0,74,1,Individual,,,,0,0,29337,1,1,0,2,20,15132,73,2,2,8919,45,44800,0,0,5,4,2667,7188,61.1,0,0,133,245,4,4,1,4,71,4,71,1,3,7,4,6,8,10,16,7,11,0,0,0,2,83.3,0,0,0,65550,29337,18500,20750,,,,,,,,,,,,,,N,,,,,,,,,,,,,,,N,,,,,,
159393147,,25000,25000,25000, 36 months,25.65%,1002.62,D,D4,Manager,6 years,RENT,113000,Source Verified,19-Sep,Current,n,https://lendingclub.com/browse/loanDetail.action?loan_id=159393147,,debt_consolidation,Debt consolidation,150xx,PA,27.61,5,Oct-93,705,709,0,5,,15,0,326,2.20%,40,w,23066.11,23066.11,3974.86,3974.86,1933.89,2040.97,0,0,0,20-Jan,1002.62,20-Feb,20-Jan,729,725,0,5,1,Individual,,,,0,228,143728,2,10,2,6,3,143402,92,1,1,326,84,14800,1,1,0,7,9582,9474,3.3,0,0,155,311,1,1,1,1,5,22,5,1,1,1,3,4,32,5,7,1,15,0,0,3,3,71.1,0,0,0,171195,143728,9800,156395,,,,,,,,,,,,,,N,,,,,,,,,,,,,,,N,,,,,,
159602019,,10000,10000,10000, 36 months,12.40%,334.06,B,B4,AutoCad Designer,8 years,OWN,63000,Not Verified,19-Sep,Current,n,https://lendingclub.com/browse/loanDetail.action?loan_id=159602019,,debt_consolidation,Debt consolidation,452xx,OH,29.64,0,Dec-96,725,729,2,,,15,0,41107,66.30%,23,w,9300.8,9300.8,995.29,995.29,699.2,296.09,0,0,0,20-Jan,334.06,20-Feb,20-Jan,724,720,0,,1,Individual,,,,0,0,230720,2,4,2,2,6,50290,95,2,2,4630,80,62000,6,3,9,4,15381,15483,44.7,0,0,97,273,0,0,1,0,,6,,0,3,5,7,8,9,10,13,5,15,0,0,0,4,100,28.6,0,0,294853,91397,28000,52853,,,,,,,,,,,,,,N,,,,,,,,,,,,,,,N,,,,,,
158980068,,9600,9600,9600, 36 months,11.71%,317.53,B,B3,operator,10+ years,OWN,145000,Not Verified,19-Sep,Current,n,https://lendingclub.com/browse/loanDetail.action?loan_id=158980068,,other,Other,498xx,MI,13.09,0,6-Aug,700,704,1,49,,11,0,1547,5.60%,18,w,8691.41,8691.41,1263.87,1263.87,908.59,355.28,0,0,0,20-Jan,317.53,20-Feb,20-Jan,669,665,0,,1,Individual,,,,0,2064,27987,1,3,1,2,6,26440,54,0,3,674,36,27700,3,6,5,5,2544,15483,7.3,0,0,157,67,13,6,0,13,,0,49,0,3,5,4,4,9,8,9,5,11,0,0,0,1,94.4,0,0,0,77056,27987,16700,49356,,,,,,,,,,,,,,N,,,,,,,,,,,,,,,N,,,,,,
158303403,,12000,12000,12000, 36 months,8.19%,377.09,A,A4,Teacher,10+ years,RENT,84000,Source Verified,19-Sep,Current,n,https://lendingclub.com/browse/loanDetail.action?loan_id=158303403,,debt_consolidation,Debt consolidation,937xx,CA,10.86,1,Jan-96,680,684,0,17,,5,0,22489,71.60%,15,w,11116.67,11116.67,1125.81,1125.81,883.33,242.48,0,0,0,20-Jan,377.09,20-Feb,20-Jan,704,700,0,,1,Individual,,,,0,0,51361,0,1,0,0,35,28872,,0,0,5724,72,31400,0,3,0,0,10272,8440,48.5,0,0,171,284,44,35,0,44,,22,17,0,2,3,3,4,10,4,5,3,5,0,0,0,0,93.3,33.3,0,0,77713,51361,16400,46313,,,,,,,,,,,,,,N,,,,,,,,,,,,,,,N,,,,,,
159550321,,40000,40000,40000, 60 months,8.81%,826.66,A,A5,Battallion Chief,10+ years,MORTGAGE,120000,Source Verified,19-Sep,Current,n,https://lendingclub.com/browse/loanDetail.action?loan_id=159550321,,debt_consolidation,Debt consolidation,298xx,SC,34.74,0,Feb-00,720,724,0,,,29,0,40836,40.40%,59,w,38409.12,38409.12,2460.4,2460.4,1590.88,869.52,0,0,0,20-Jan,826.66,20-Feb,20-Jan,699,695,0,,1,Individual,,,,0,0,381619,1,4,2,4,9,105847,78,0,1,6450,53,101100,1,4,3,6,14134,43614,43.7,0,0,155,235,16,3,2,16,,3,,0,12,13,18,24,23,23,33,13,29,0,0,0,3,100,29.4,0,0,466427,146851,77500,129105,,,,,,,,,,,,,,N,,,,,,,,,,,,,,,N,,,,,,
158631587,,10000,10000,10000, 36 months,25.65%,401.05,D,D4,,n/a,MORTGAGE,38000,Source Verified,19-Sep,Current,n,https://lendingclub.com/browse/loanDetail.action?loan_id=158631587,,debt_consolidation,Debt consolidation,441xx,OH,18.35,2,Jun-00,660,664,1,15,,8,0,736,14.40%,29,w,9227.55,9227.55,1589.95,1589.95,772.45,817.5,0,0,0,20-Jan,401.05,20-Feb,20-Jan,679,675,0,15,1,Individual,,,,0,1922,93623,1,2,1,1,5,14159,66,1,3,505,56,5100,0,2,2,4,11703,1364,35,0,0,95,231,8,5,3,8,18,1,18,4,2,2,2,4,13,5,13,2,8,0,0,1,2,81.5,50,0,0,170837,14895,2100,21337,,,,,,,,,,,,,,N,,,,,,,,,,,,,,,N,,,,,,
158550954,,29000,29000,29000, 60 months,8.81%,599.33,A,A5,Office Mngr,7 years,OWN,105000,Not Verified,19-Sep,Current,n,https://lendingclub.com/browse/loanDetail.action?loan_id=158550954,,debt_consolidation,Debt consolidation,393xx,MS,20.59,1,8-May,725,729,0,11,,10,0,11455,30.90%,30,w,27437.21,27437.21,2383.13,2383.13,1562.79,820.34,0,0,0,20-Jan,599.33,20-Feb,20-Jan,749,745,0,,1,Individual,,,,0,0,83525,3,4,2,5,6,72070,87,1,1,10268,70,37100,2,5,0,6,8353,22345,33.9,0,0,132,136,6,6,0,6,11,14,11,0,3,3,5,6,21,6,9,3,10,0,0,0,3,96.7,0,0,0,119993,83525,33800,82893,,,,,,,,,,,,,,N,,,,,,,,,,,,,,,N,,,,,,
159579822,,16000,16000,16000, 60 months,11.71%,353.58,B,B3,Director of Partnerships & Bus Dev,2 years,RENT,178000,Source Verified,19-Sep,Current,n,https://lendingclub.com/browse/loanDetail.action?loan_id=159579822,,debt_consolidation,Debt consolidation,900xx,CA,21.33,0,Sep-98,695,699,1,,,24,0,60006,76.90%,39,w,15198.58,15198.58,1403.91,1403.91,801.42,602.49,0,0,0,20-Jan,353.58,20-Feb,20-Jan,674,670,0,,1,Individual,,,,0,0,119871,2,11,1,2,5,59865,70,0,1,10193,72,78000,2,2,3,4,5212,8580,68.3,0,0,252,137,16,5,0,16,,0,,0,6,10,7,8,24,12,14,10,24,0,0,0,2,100,28.6,0,0,166430,119871,27100,85583,,,,,,,,,,,,,,N,,,,,,,,,,,,,,,N,,,,,,
159599099,,30000,30000,30000, 60 months,16.12%,731.46,C,C3,Lead Transitional Living Coordinator ,5 years,RENT,76858.69,Not Verified,19-Sep,Current,n,https://lendingclub.com/browse/loanDetail.action?loan_id=159599099,,debt_consolidation,Debt consolidation,170xx,PA,23.56,0,3-May,740,744,0,,,7,0,27190,34.50%,20,w,28659.45,28659.45,2898.97,2898.97,1340.55,1558.42,0,0,0,20-Jan,731.46,20-Feb,19-Sep,744,740,0,,1,Individual,,,,0,0,74270,0,2,0,0,31,47080,57,1,2,14299,40,78900,0,0,1,2,10610,51710,34.5,0,0,196,191,10,10,0,10,,7,,0,3,3,5,9,8,5,12,3,7,0,0,0,1,100,20,0,0,141900,74270,78900,63000,,,,,,,,,,,,,,N,,,,,,,,,,,,,,,N,,,,,,
159425591,,4000,4000,4000, 36 months,8.19%,125.7,A,A4,Diesel Technician,9 years,RENT,60000,Verified,19-Sep,Current,n,https://lendingclub.com/browse/loanDetail.action?loan_id=159425591,,debt_consolidation,Debt consolidation,786xx,TX,10.58,0,14-Dec,710,714,0,,,11,0,3159,28.20%,13,w,3591.55,3591.55,500.98,500.98,408.45,92.53,0,0,0,20-Jan,125.7,20-Feb,20-Jan,669,665,0,,1,Individual,,,,0,0,14785,0,3,0,2,18,11626,71,1,3,2584,54,11200,0,1,0,5,1344,1916,57.4,0,0,35,57,11,11,0,11,,19,,0,1,2,2,4,3,8,10,2,11,0,0,0,1,100,50,0,0,27585,14785,4500,16385,,,,,,,,,,,,,,N,,,,,,,,,,,,,,,N,,,,,,
159602111,,5000,5000,5000, 36 months,20.55%,187.23,D,D2,VP of Global Sales,< 1 year,RENT,240000,Not Verified,19-Sep,Current,n,https://lendingclub.com/browse/loanDetail.action?loan_id=159602111,,debt_consolidation,Debt consolidation,333xx,FL,6.89,1,7-Jul,665,669,0,20,,10,0,12850,83.40%,14,w,4583.02,4583.02,743.21,743.21,416.98,326.23,0,0,0,20-Jan,187.23,20-Feb,20-Jan,649,645,0,64,1,Individual,,,,0,0,48583,0,3,0,2,13,35733,78,0,1,5406,79,15400,0,0,0,3,4858,1370,87.5,0,0,40,146,23,13,0,30,64,21,20,1,4,6,4,6,4,7,10,6,10,0,0,0,0,92.3,75,0,0,61372,48583,11000,45972,,,,,,,,,,,,,,N,,,,,,,,,,,,,,,N,,,,,,
159289397,,10000,10000,10000, 36 months,10.33%,324.23,B,B1,,< 1 year,RENT,59300,Source Verified,19-Sep,Current,n,https://lendingclub.com/browse/loanDetail.action?loan_id=159289397,,debt_consolidation,Debt consolidation,600xx,IL,19.81,0,5-Jan,720,724,0,41,90,17,1,3121,8.90%,20,w,0,0,10323.55965,10323.56,10000,323.56,0,0,0,19-Dec,9680.84,20-Jan,20-Jan,724,720,0,41,1,Individual,,,,0,740,25938,2,4,2,2,5,22817,52,2,6,1965,33,35000,4,0,5,8,1526,22988,11.9,0,0,176,82,4,4,0,4,,5,,1,5,8,8,9,5,13,15,8,17,0,0,0,4,94.4,0,1,0,78772,25938,26100,43772,,,,,,,,,,,,,,N,,,,,,,,,,,,,,,N,,,,,,
159598684,,24000,24000,24000, 60 months,16.12%,585.17,C,C3,Senior Underwriter,10+ years,MORTGAGE,109275,Not Verified,19-Sep,Current,n,https://lendingclub.com/browse/loanDetail.action?loan_id=159598684,,debt_consolidation,Debt consolidation,493xx,MI,16.46,2,Aug-99,670,674,1,7,,17,0,30635,87.30%,29,w,22927.55,22927.55,2319.19,2319.19,1072.45,1246.74,0,0,0,20-Jan,585.17,20-Feb,20-Jan,669,665,0,,1,Individual,,,,0,517,156438,0,2,0,1,19,13573,52,1,2,4570,72,35100,4,4,6,3,9202,2344,90.7,0,0,140,241,12,12,3,12,,0,19,0,10,14,10,10,7,14,19,14,17,0,0,0,1,89.7,100,0,0,191650,44208,25300,26050,,,,,,,,,,,,,,N,,,,,,,,,,,,,,,N,,,,,,
159598742,,8400,8400,8400, 36 months,8.81%,266.38,A,A5,Assistant community manager,1 year,RENT,60000,Source Verified,19-Sep,Current,n,https://lendingclub.com/browse/loanDetail.action?loan_id=159598742,,debt_consolidation,Debt consolidation,923xx,CA,11,0,13-Jul,735,739,0,,,12,0,5308,13.90%,26,w,7572.1,7572.1,1061.41,1061.41,827.9,233.51,0,0,0,20-Jan,266.38,20-Feb,20-Jan,719,715,0,,1,Individual,,,,0,0,12159,3,1,1,1,9,6851,62,4,5,2855,25,38300,1,0,1,6,1013,26801,16.2,0,0,74,67,1,1,0,1,,9,,0,6,7,8,12,5,11,21,7,12,0,0,0,5,100,0,0,0,49300,12159,32000,11000,,,,,,,,,,,,,,N,,,,,,,,,,,,,,,N,,,,,,
159602847,,6000,6000,6000, 36 months,8.19%,188.55,A,A4,Director of Operations,6 years,OWN,120000,Not Verified,19-Sep,Current,n,https://lendingclub.com/browse/loanDetail.action?loan_id=159602847,,debt_consolidation,Debt consolidation,452xx,OH,5.78,1,3-Nov,730,734,1,8,,11,0,5309,10.50%,23,w,5403.53,5403.53,751.47,751.47,596.47,155,0,0,0,20-Jan,188.55,20-Feb,20-Jan,764,760,0,,1,Individual,,,,0,0,142486,1,2,1,1,9,16807,74,1,1,2729,30,50700,1,1,2,2,12953,43277,8.3,0,0,173,190,2,2,4,29,8,2,8,0,2,3,7,9,7,8,12,3,11,0,0,0,2,95.7,0,0,0,199313,22116,47200,22613,,,,,,,,,,,,,,N,,,,,,,,,,,,,,,N,,,,,,
159604163,,8500,8500,8500, 36 months,8.81%,269.55,A,A5,Designer,< 1 year,MORTGAGE,50000,Not Verified,19-Sep,Current,n,https://lendingclub.com/browse/loanDetail.action?loan_id=159604163,,debt_consolidation,Debt consolidation,751xx,TX,17.43,0,12-Aug,725,729,1,,,8,0,6834,33.80%,17,w,7662.25,7662.25,1074.04,1074.04,837.75,236.29,0,0,0,20-Jan,269.55,20-Feb,20-Jan,679,675,0,,1,Joint App,90000,16.59,Not Verified,0,0,216152,1,1,1,2,5,16330,90,0,1,4691,61,20200,2,0,1,3,27019,3954,58.4,0,0,85,85,16,5,2,16,,5,,0,2,5,2,3,6,6,9,5,8,0,0,0,1,100,50,0,0,238948,23164,9500,18075,41851,665,669,3-Aug,1,2,18,74.7,9,10,0,0,35,N,,,,,,,,,,,,,,,N,,,,,,
159500357,,21275,21275,21275, 60 months,13.08%,484.95,B,B5,Attorney,10+ years,MORTGAGE,65000,Not Verified,19-Sep,Current,n,https://lendingclub.com/browse/loanDetail.action?loan_id=159500357,,credit_card,Credit card refinancing,425xx,KY,37.43,0,Oct-99,735,739,0,,,12,0,52918,42.70%,33,w,20246.12,20246.12,1924.34,1924.34,1028.88,895.46,0,0,0,20-Jan,484.95,20-Feb,20-Jan,724,720,0,,1,Joint App,150000,29,Not Verified,0,0,308644,0,4,0,0,56,68740,26,0,1,38755,37,72200,0,0,0,1,25720,5350,73.4,0,0,239,139,14,14,3,14,,,,0,3,4,4,5,17,7,13,4,12,0,0,0,0,100,75,0,0,388384,121658,58200,117263,103191,650,654,2-May,2,2,20,65.8,4,21,0,0,,N,,,,,,,,,,,,,,,N,,,,,,
159348981,,4800,4800,4800, 36 months,14.30%,164.76,C,C1,Registered nurse,4 years,MORTGAGE,100000,Source Verified,19-Sep,Current,n,https://lendingclub.com/browse/loanDetail.action?loan_id=159348981,,credit_card,Credit card refinancing,342xx,FL,19.69,1,1-Sep,660,664,1,12,,13,0,5199,51.50%,24,w,4362.01,4362.01,655.23,655.23,437.99,217.24,0,0,0,20-Jan,164.76,20-Feb,20-Jan,644,640,0,40,1,Individual,,,,0,6145,45813,0,3,0,2,17,40614,77,0,1,1360,66,10100,4,0,5,3,3524,1036,72,0,0,183,216,14,14,2,39,,3,,1,4,8,4,6,6,10,16,8,13,0,0,0,0,83.3,50,0,0,63364,45813,3700,53264,,,,,,,,,,,,,,N,,,,,,,,,,,,,,,N,,,,,,
158907023,,15000,15000,15000, 60 months,11.71%,331.48,B,B3,Account Manager,< 1 year,OWN,75000,Not Verified,19-Sep,Current,n,https://lendingclub.com/browse/loanDetail.action?loan_id=158907023,,credit_card,Credit card refinancing,925xx,CA,16.7,0,7-May,750,754,0,,,11,0,10467,20.80%,17,w,14248.67,14248.67,1316.16,1316.16,751.33,564.83,0,0,0,20-Jan,331.48,20-Feb,20-Jan,759,755,0,,1,Individual,,,,0,0,299663,3,2,2,3,4,47418,99,3,4,2103,59,50300,0,0,0,7,27242,38341,16.3,0,0,133,148,4,4,2,4,,13,,0,6,7,7,8,5,8,10,7,11,0,0,0,5,100,0,0,0,354536,57885,45800,47936,,,,,,,,,,,,,,N,,,,,,,,,,,,,,,N,,,,,,
159465944,,19000,19000,19000, 36 months,7.56%,591.55,A,A3,Watchmaker,10+ years,RENT,72000,Source Verified,19-Sep,Current,n,https://lendingclub.com/browse/loanDetail.action?loan_id=159465944,,credit_card,Credit card refinancing,070xx,NJ,22.03,0,9-Jun,710,714,0,,,8,0,18706,63.20%,10,w,17094.69,17094.69,2358.22,2358.22,1905.31,452.91,0,0,0,20-Jan,591.55,20-Feb,20-Jan,794,790,0,,1,Individual,,,,0,0,38545,0,2,1,1,12,19839,53,0,2,6483,57,29600,0,0,1,3,4818,3642,79.9,0,0,119,123,17,12,0,24,,12,,0,4,5,4,4,3,6,7,5,8,0,0,0,1,100,75,0,0,67247,38545,18100,37647,,,,,,,,,,,,,,N,,,,,,,,,,,,,,,N,,,,,,
159598175,,6000,6000,6000, 36 months,7.02%,185.32,A,A2,Shipping and receiving manager ,10+ years,RENT,70000,Source Verified,19-Sep,Current,n,https://lendingclub.com/browse/loanDetail.action?loan_id=159598175,,credit_card,Credit card refinancing,604xx,IL,17.61,2,Jul-96,660,664,1,21,,12,0,6151,55.40%,28,w,5393.83,5393.83,738.94,738.94,606.17,132.77,0,0,0,20-Jan,185.32,20-Feb,20-Jan,699,695,0,40,1,Individual,,,,0,0,62541,2,4,1,3,6,56390,35,3,3,1999,41,11100,1,10,4,6,5686,248,95.6,0,0,278,264,5,5,0,10,21,6,21,3,4,6,5,7,15,8,13,6,12,0,0,0,4,67.9,100,0,0,81781,62541,5600,70681,,,,,,,,,,,,,,N,,,,,,,,,,,,,,,N,,,,,,
159529373,,10000,10000,10000, 36 months,17.74%,360.23,C,C5,,< 1 year,MORTGAGE,50000,Not Verified,19-Sep,Current,n,https://lendingclub.com/browse/loanDetail.action?loan_id=159529373,,other,Other,133xx,NY,39.68,0,5-Nov,710,714,0,74,,8,0,12778,58.60%,20,w,9131.39,9131.39,1431.06,1431.06,868.61,562.45,0,0,0,20-Jan,360.23,20-Feb,20-Jan,724,720,0,,1,Individual,,,,0,262,130491,0,3,0,1,14,68328,70,0,1,12778,68,21800,0,4,0,2,16311,7722,62.3,0,0,166,160,23,14,2,39,,14,,0,1,1,2,5,8,4,10,1,8,0,0,0,0,95,50,0,0,179958,81106,20500,97637,,,,,,,,,,,,,,N,,,,,,,,,,,,,,,N,,,,,,
,,,,,,,,,,,,,,,,,,,,,,,,,,,,,,,,,,,,,,,,,,,,,,,,,,,,,,,,,,,,,,,,,,,,,,,,,,,,,,,,,,,,,,,,,,,,,,,,,,,,,,,,,,,,,,,,,,,,,,,,,,,,,,,,,,,,,,,,,,,,,,,,,,,,,
,,,,,,,,,,,,,,,,,,,,,,,,,,,,,,,,,,,,,,,,,,,,,,,,,,,,,,,,,,,,,,,,,,,,,,,,,,,,,,,,,,,,,,,,,,,,,,,,,,,,,,,,,,,,,,,,,,,,,,,,,,,,,,,,,,,,,,,,,,,,,,,,,,,,,
Total amount funded in policy code 1: 2343177000,,,,,,,,,,,,,,,,,,,,,,,,,,,,,,,,,,,,,,,,,,,,,,,,,,,,,,,,,,,,,,,,,,,,,,,,,,,,,,,,,,,,,,,,,,,,,,,,,,,,,,,,,,,,,,,,,,,,,,,,,,,,,,,,,,,,,,,,,,,,,,,,,,,,,
Total amount funded in policy code 2: 1003577733,,,,,,,,,,,,,,,,,,,,,,,,,,,,,,,,,,,,,,,,,,,,,,,,,,,,,,,,,,,,,,,,,,,,,,,,,,,,,,,,,,,,,,,,,,,,,,,,,,,,,,,,,,,,,,,,,,,,,,,,,,,,,,,,,,,,,,,,,,,,,,,,,,,,,
